script,runs,warmup,best_s,avg_s,stdev_s,total_s,runs_per_sec,per_1000_s
potentials/main.py,1000,1,0.2366353329998674,0.2608793657969654,0.03236051379519786,260.88831904200197,3.8330577761091864,260.88831904200197
potentials/main_gravitation.py,1000,1,0.2235385409949231,0.2323305828820521,0.005820047113838461,232.33698658299545,4.304093010360104,232.33698658299545
potentials/mie_potential.py,1000,1,0.2778532919983263,0.29808965086907846,0.018793677008947022,298.0970426249987,3.3546122805987846,298.0970426249987
